<?xml version="1.0" encoding="UTF-8"?>
<project-private xmlns="http://www.netbeans.org/ns/project-private/1">
    <editor-bookmarks xmlns="http://www.netbeans.org/ns/editor-bookmarks/2" lastBookmarkId="0"/>
    <open-files xmlns="http://www.netbeans.org/ns/projectui-open-files/2">
        <group>
            <file>file:/C:/Users/hasss/OneDrive/Documents/NetBeansProjects/SchoolManagementSystem/src/schoolmanagementsystem/Login.java</file>
            <file>file:/C:/Users/hasss/OneDrive/Documents/NetBeansProjects/SchoolManagementSystem/src/schoolmanagementsystem/CoursesAssign.java</file>
            <file>file:/C:/Users/hasss/OneDrive/Documents/NetBeansProjects/SchoolManagementSystem/src/schoolmanagementsystem/Courses.java</file>
            <file>file:/C:/Users/hasss/OneDrive/Documents/NetBeansProjects/SchoolManagementSystem/src/schoolmanagementsystem/DBsms.java</file>
            <file>file:/C:/Users/hasss/OneDrive/Documents/NetBeansProjects/SchoolManagementSystem/src/schoolmanagementsystem/Classes.java</file>
            <file>file:/C:/Users/hasss/OneDrive/Documents/NetBeansProjects/SchoolManagementSystem/src/schoolmanagementsystem/Dashboard.java</file>
        </group>
    </open-files>
</project-private>
